<?xml version="1.0" encoding="UTF-8"?>
<project-private xmlns="http://www.netbeans.org/ns/project-private/1">
    <editor-bookmarks xmlns="http://www.netbeans.org/ns/editor-bookmarks/2" lastBookmarkId="0"/>
    <open-files xmlns="http://www.netbeans.org/ns/projectui-open-files/2">
        <group>
            <file>file:/home4/vv224843/Documents/L1/Info2A/TP3_Info2A/src/tp3_info2a/Disque.java</file>
            <file>file:/home4/vv224843/Documents/L1/Info2A/TP3_Info2A/src/tp3_info2a/TP3_Info2A.java</file>
            <file>file:/home4/vv224843/Documents/L1/Info2A/TP3_Info2A/src/tp3_info2a/Fraction.java</file>
            <file>file:/home4/vv224843/Documents/L1/Info2A/TP3_Info2A/src/tp3_info2a/Segment.java</file>
            <file>file:/home4/vv224843/Documents/L1/Info2A/TP3_Info2A/src/tp3_info2a/Point.java</file>
            <file>file:/home4/vv224843/Documents/L1/Info2A/TP3_Info2A/src/tp3_info2a/Triangle.java</file>
        </group>
    </open-files>
</project-private>
